,Id,Type
0,1524552.jpg,cushion
1,1533986.jpg,cushion
2,1534911.jpg,cushion
3,1548301.jpg,cushion
4,1549891.jpg,cushion
5,1549893.jpg,cushion
6,1553657.jpg,cushion
7,1555209.jpg,cushion
8,1557370.jpg,cushion
9,1564556.jpg,cushion
10,1572449.jpg,cushion
11,1574488.jpg,cushion
12,1574489.jpg,cushion
13,1574491.jpg,cushion
14,1575622.jpg,cushion
15,1579152.jpg,cushion
16,1581580.jpg,cushion
17,1584362.jpg,cushion
18,1584401.jpg,cushion
19,1585633.jpg,cushion
20,1587771.jpg,cushion
21,1591215.jpg,cushion
22,1593513.jpg,cushion
23,1593533.jpg,cushion
24,1593536.jpg,cushion
25,1594979.jpg,cushion
26,1594981.jpg,cushion
27,1594985.jpg,cushion
28,1595010.jpg,cushion
29,1595345.jpg,cushion
30,1595358.jpg,cushion
31,1596261.jpg,cushion
32,1597323.jpg,cushion
33,1599896.jpg,cushion
34,1601102.jpg,cushion
35,1601110.jpg,cushion
36,1601275.jpg,cushion
37,1601289.jpg,cushion
38,1601291.jpg,cushion
39,1601292.jpg,cushion
40,1602024.jpg,cushion
41,1602041.jpg,cushion
42,1602072.jpg,cushion
43,1604247.jpg,cushion
44,1604260.jpg,cushion
45,1605151.jpg,cushion
46,1605422.jpg,cushion
47,1605423.jpg,cushion
48,1606767.jpg,cushion
49,1606782.jpg,cushion
50,1606798.jpg,cushion
51,1606808.jpg,cushion
52,1606825.jpg,cushion
53,1606842.jpg,cushion
54,1606846.jpg,cushion
55,1606855.jpg,cushion
56,1608379.jpg,cushion
57,1608405.jpg,cushion
58,1608421.jpg,cushion
59,1608428.jpg,cushion
60,1608430.jpg,cushion
61,1608437.jpg,cushion
62,1608444.jpg,cushion
63,1609757.jpg,cushion
64,1609780.jpg,cushion
65,1609796.jpg,cushion
66,1612572.jpg,cushion
67,1612593.jpg,cushion
68,1612594.jpg,cushion
69,1615056.jpg,cushion
70,1615061.jpg,cushion
71,1615067.jpg,cushion
72,1615081.jpg,cushion
73,1615087.jpg,cushion
74,1615090.jpg,cushion
75,1616429.jpg,cushion
76,1616438.jpg,cushion
77,1619458.jpg,cushion
78,1619473.jpg,cushion
79,1621151.jpg,cushion
80,1622482.jpg,cushion
81,1622484.jpg,cushion
82,1622631.jpg,cushion
83,1624933.jpg,cushion
84,1624939.jpg,cushion
85,1624956.jpg,cushion
86,1624961.jpg,cushion
87,1624964.jpg,cushion
88,1626219.jpg,cushion
89,1626223.jpg,cushion
90,1626224.jpg,cushion
91,1626227.jpg,cushion
92,1626231.jpg,cushion
93,1626234.jpg,cushion
94,1626245.jpg,cushion
95,1626252.jpg,cushion
96,1626255.jpg,cushion
97,1628223.jpg,cushion
98,1628232.jpg,cushion
99,1628248.jpg,cushion
100,1628251.jpg,cushion
101,1628253.jpg,cushion
102,1628262.jpg,cushion
103,1628263.jpg,cushion
104,1628272.jpg,cushion
105,1629704.jpg,cushion
106,1629717.jpg,cushion
107,1629722.jpg,cushion
108,1631305.jpg,cushion
109,1631311.jpg,cushion
110,1631315.jpg,cushion
111,1631316.jpg,cushion
112,1631322.jpg,cushion
113,1631323.jpg,cushion
114,1632713.jpg,cushion
115,1632714.jpg,cushion
116,1632732.jpg,cushion
117,1632735.jpg,cushion
118,1632736.jpg,cushion
119,1632738.jpg,cushion
120,1632749.jpg,cushion
121,1632750.jpg,cushion
122,1634071.jpg,cushion
123,1634076.jpg,cushion
124,1634085.jpg,cushion
125,1634089.jpg,cushion
126,1634090.jpg,cushion
127,1634793.jpg,cushion
128,1636003.jpg,cushion
129,1636043.jpg,cushion
130,1636046.jpg,cushion
131,1636049.jpg,cushion
132,1636066.jpg,cushion
133,1636067.jpg,cushion
134,1636071.jpg,cushion
135,1636074.jpg,cushion
136,1636077.jpg,cushion
137,1638117.jpg,cushion
138,1638119.jpg,cushion
139,1638120.jpg,cushion
140,1638125.jpg,cushion
141,1638131.jpg,cushion
142,1638132.jpg,cushion
143,1638134.jpg,cushion
144,1639546.jpg,cushion
145,1639553.jpg,cushion
146,1639555.jpg,cushion
147,1639567.jpg,cushion
148,1640844.jpg,cushion
149,1640853.jpg,cushion
150,1642230.jpg,cushion
151,1642235.jpg,cushion
152,1642236.jpg,cushion
153,1642237.jpg,cushion
154,1642238.jpg,cushion
155,1642242.jpg,cushion
156,1642256.jpg,cushion
157,1642260.jpg,cushion
158,1643498.jpg,cushion
159,1643520.jpg,cushion
160,1643522.jpg,cushion
161,1643526.jpg,cushion
162,1643532.jpg,cushion
163,1645987.jpg,cushion
164,1645992.jpg,cushion
165,1645999.jpg,cushion
166,1646000.jpg,cushion
167,1646003.jpg,cushion
168,1646005.jpg,cushion
169,1646006.jpg,cushion
170,1646009.jpg,cushion
171,1648823.jpg,cushion
172,1648830.jpg,cushion
173,1648834.jpg,cushion
174,1650989.jpg,cushion
175,1650991.jpg,cushion
176,1651002.jpg,cushion
177,1651014.jpg,cushion
178,1651015.jpg,cushion
179,1651023.jpg,cushion
180,1651024.jpg,cushion
181,1651872.jpg,cushion
182,1652685.jpg,cushion
183,1652692.jpg,cushion
184,1652699.jpg,cushion
185,1652706.jpg,cushion
186,1654059.jpg,cushion
187,1654408.jpg,cushion
188,1656358.jpg,cushion
189,1656364.jpg,cushion
190,1656366.jpg,cushion
191,1656375.jpg,cushion
192,1656380.jpg,cushion
193,1657713.jpg,cushion
194,1660174.jpg,cushion
195,1664496.jpg,cushion
196,1664498.jpg,cushion
197,1664752.jpg,cushion
198,1664758.jpg,cushion
199,1665787.jpg,cushion
200,1665792.jpg,cushion
201,1667148.jpg,cushion
202,1667152.jpg,cushion
203,1667156.jpg,cushion
204,1668180.jpg,cushion
205,1668186.jpg,cushion
206,1668188.jpg,cushion
207,1668191.jpg,cushion
208,1670786.jpg,cushion
209,1670929.jpg,cushion
210,1670930.jpg,cushion
211,1788945.jpg,cushion
212,1799599.jpg,cushion
213,200528-105.jpg,cushion
214,200601-70.jpg,cushion
215,200624-198.jpg,cushion
216,200653-4.jpg,cushion
217,200668-31.jpg,cushion
218,200673-165.jpg,cushion
219,200683-142.jpg,cushion
220,200683-54.jpg,cushion
221,200684-435.jpg,cushion
222,200688-301.jpg,cushion
223,200689-17.jpg,cushion
224,200689-24.jpg,cushion
225,200700-772.jpg,cushion
226,200715-407.jpg,cushion
227,200753-97.jpg,cushion
228,200758-47.jpg,cushion
229,200761-156.jpg,cushion
230,200771-265.jpg,cushion
231,200775-59.jpg,cushion
232,200785-110.jpg,cushion
233,200787-473.jpg,cushion
234,200787-552.jpg,cushion
235,201001-136.jpg,cushion
236,201143-199.jpg,cushion
237,201162-188.jpg,cushion
238,201204-106.jpg,cushion
239,201204-177.jpg,cushion
240,201232-414.jpg,cushion
241,201244-164.jpg,cushion
242,202157-1046.jpg,cushion
243,202239-318.jpg,cushion
244,203173-1479.jpg,cushion
245,203186-384.jpg,cushion
246,203227-107.jpg,cushion
247,210034-116.jpg,cushion
248,210041-562.jpg,cushion
249,211003-1007.jpg,cushion
250,211007-339.jpg,cushion
251,211007-452.jpg,cushion
252,211007-531.jpg,cushion
253,211007-620.jpg,cushion
254,211020-294.jpg,cushion
255,211020-413.jpg,cushion
256,212001-126.jpg,cushion
257,1322822.jpg,emerald
258,1531980.jpg,emerald
259,1546924.jpg,emerald
260,1622516.jpg,emerald
261,1636190.jpg,emerald
262,1638195.jpg,emerald
263,1638197.jpg,emerald
264,1669519.jpg,emerald
265,1715439.jpg,emerald
266,1730663.jpg,emerald
267,1732906.jpg,emerald
268,1732911.jpg,emerald
269,1737060.jpg,emerald
270,1737066.jpg,emerald
271,1743069.jpg,emerald
272,1743904.jpg,emerald
273,1745105.jpg,emerald
274,1746049.jpg,emerald
275,1746072.jpg,emerald
276,1746078.jpg,emerald
277,1747056.jpg,emerald
278,1749137.jpg,emerald
279,1750240.jpg,emerald
280,1756433.jpg,emerald
281,1756434.jpg,emerald
282,1761578.jpg,emerald
283,1761610.jpg,emerald
284,1761612.jpg,emerald
285,1761618.jpg,emerald
286,1762874.jpg,emerald
287,1763914.jpg,emerald
288,1763920.jpg,emerald
289,1763924.jpg,emerald
290,1763932.jpg,emerald
291,1763935.jpg,emerald
292,1763939.jpg,emerald
293,1763943.jpg,emerald
294,1765003.jpg,emerald
295,1765013.jpg,emerald
296,1765015.jpg,emerald
297,1765019.jpg,emerald
298,1765020.jpg,emerald
299,1765028.jpg,emerald
300,1766907.jpg,emerald
301,1767881.jpg,emerald
302,1767883.jpg,emerald
303,1769546.jpg,emerald
304,1769554.jpg,emerald
305,1769561.jpg,emerald
306,1769563.jpg,emerald
307,1771181.jpg,emerald
308,1771194.jpg,emerald
309,1771216.jpg,emerald
310,1771222.jpg,emerald
311,1771227.jpg,emerald
312,1771228.jpg,emerald
313,1771243.jpg,emerald
314,1771247.jpg,emerald
315,1772547.jpg,emerald
316,1772556.jpg,emerald
317,1772565.jpg,emerald
318,1772567.jpg,emerald
319,1773493.jpg,emerald
320,1773501.jpg,emerald
321,1773504.jpg,emerald
322,1773506.jpg,emerald
323,1773508.jpg,emerald
324,1774231.jpg,emerald
325,1775233.jpg,emerald
326,1775243.jpg,emerald
327,1775248.jpg,emerald
328,1775250.jpg,emerald
329,1775251.jpg,emerald
330,1775252.jpg,emerald
331,1777418.jpg,emerald
332,1777424.jpg,emerald
333,1777427.jpg,emerald
334,1777431.jpg,emerald
335,1777434.jpg,emerald
336,1778507.jpg,emerald
337,1778527.jpg,emerald
338,1778532.jpg,emerald
339,1778538.jpg,emerald
340,1778539.jpg,emerald
341,1779811.jpg,emerald
342,1779812.jpg,emerald
343,1779819.jpg,emerald
344,1779820.jpg,emerald
345,1779822.jpg,emerald
346,1779823.jpg,emerald
347,1781322.jpg,emerald
348,1781324.jpg,emerald
349,1781329.jpg,emerald
350,1781335.jpg,emerald
351,1781336.jpg,emerald
352,1781337.jpg,emerald
353,1781340.jpg,emerald
354,1781341.jpg,emerald
355,1782707.jpg,emerald
356,1782708.jpg,emerald
357,1782719.jpg,emerald
358,1782726.jpg,emerald
359,1782727.jpg,emerald
360,1782728.jpg,emerald
361,1783741.jpg,emerald
362,1783759.jpg,emerald
363,1783791.jpg,emerald
364,1783796.jpg,emerald
365,1783798.jpg,emerald
366,1783802.jpg,emerald
367,1783806.jpg,emerald
368,1783809.jpg,emerald
369,1783810.jpg,emerald
370,1785101.jpg,emerald
371,1785102.jpg,emerald
372,1785103.jpg,emerald
373,1785119.jpg,emerald
374,1785121.jpg,emerald
375,1785122.jpg,emerald
376,1785124.jpg,emerald
377,1785125.jpg,emerald
378,1786535.jpg,emerald
379,1786544.jpg,emerald
380,1786549.jpg,emerald
381,1787830.jpg,emerald
382,1787836.jpg,emerald
383,1787838.jpg,emerald
384,1787844.jpg,emerald
385,1787850.jpg,emerald
386,1787851.jpg,emerald
387,1787852.jpg,emerald
388,1787853.jpg,emerald
389,1787854.jpg,emerald
390,1789062.jpg,emerald
391,1789063.jpg,emerald
392,1789064.jpg,emerald
393,1789071.jpg,emerald
394,1789865.jpg,emerald
395,1789867.jpg,emerald
396,1789868.jpg,emerald
397,1789869.jpg,emerald
398,1789870.jpg,emerald
399,1789881.jpg,emerald
400,1789882.jpg,emerald
401,1791007.jpg,emerald
402,1791033.jpg,emerald
403,1791041.jpg,emerald
404,1791042.jpg,emerald
405,1791050.jpg,emerald
406,1791052.jpg,emerald
407,1791060.jpg,emerald
408,1791065.jpg,emerald
409,1791737.jpg,emerald
410,1791738.jpg,emerald
411,1791742.jpg,emerald
412,1791753.jpg,emerald
413,1791756.jpg,emerald
414,1791757.jpg,emerald
415,1791758.jpg,emerald
416,1791761.jpg,emerald
417,1791762.jpg,emerald
418,1791763.jpg,emerald
419,1791764.jpg,emerald
420,1791766.jpg,emerald
421,1793100.jpg,emerald
422,1793116.jpg,emerald
423,1793117.jpg,emerald
424,1793122.jpg,emerald
425,1793125.jpg,emerald
426,1793127.jpg,emerald
427,1793129.jpg,emerald
428,1793133.jpg,emerald
429,1793135.jpg,emerald
430,1793136.jpg,emerald
431,1794396.jpg,emerald
432,1794409.jpg,emerald
433,1795773.jpg,emerald
434,1795774.jpg,emerald
435,1795779.jpg,emerald
436,1795783.jpg,emerald
437,1795788.jpg,emerald
438,1795789.jpg,emerald
439,1795792.jpg,emerald
440,1795796.jpg,emerald
441,1795798.jpg,emerald
442,1795799.jpg,emerald
443,1797261.jpg,emerald
444,1798514.jpg,emerald
445,1798528.jpg,emerald
446,1798529.jpg,emerald
447,1798574.jpg,emerald
448,1798600.jpg,emerald
449,1798621.jpg,emerald
450,1799788.jpg,emerald
451,1799822.jpg,emerald
452,1799825.jpg,emerald
453,1799830.jpg,emerald
454,1799843.jpg,emerald
455,1799849.jpg,emerald
456,1799850.jpg,emerald
457,1799868.jpg,emerald
458,1799871.jpg,emerald
459,1799872.jpg,emerald
460,1799890.jpg,emerald
461,1799894.jpg,emerald
462,1799897.jpg,emerald
463,1799899.jpg,emerald
464,1799902.jpg,emerald
465,1799907.jpg,emerald
466,1799909.jpg,emerald
467,1799910.jpg,emerald
468,1799914.jpg,emerald
469,1799915.jpg,emerald
470,1799917.jpg,emerald
471,1799918.jpg,emerald
472,1799920.jpg,emerald
473,1799922.jpg,emerald
474,1799923.jpg,emerald
475,1799924.jpg,emerald
476,1799925.jpg,emerald
477,1799926.jpg,emerald
478,1800597.jpg,emerald
479,1800644.jpg,emerald
480,1800650.jpg,emerald
481,1800654.jpg,emerald
482,1800655.jpg,emerald
483,1800660.jpg,emerald
484,1800665.jpg,emerald
485,1800666.jpg,emerald
486,1800667.jpg,emerald
487,1800668.jpg,emerald
488,1800669.jpg,emerald
489,1800671.jpg,emerald
490,1800673.jpg,emerald
491,1800681.jpg,emerald
492,1800683.jpg,emerald
493,1800684.jpg,emerald
494,1800685.jpg,emerald
495,1800689.jpg,emerald
496,1800690.jpg,emerald
497,1490932.jpg,heart
498,1593741.jpg,heart
499,1595077.jpg,heart
500,1626363.jpg,heart
501,1626364.jpg,heart
502,1674737.jpg,heart
503,1683265.jpg,heart
504,1698994.jpg,heart
505,1700302.jpg,heart
506,1703692.jpg,heart
507,1712997.jpg,heart
508,1717448.jpg,heart
509,1717449.jpg,heart
510,1723731.jpg,heart
511,1729432.jpg,heart
512,1740726.jpg,heart
513,1741343.jpg,heart
514,1741345.jpg,heart
515,1741963.jpg,heart
516,1746097.jpg,heart
517,1747092.jpg,heart
518,1747962.jpg,heart
519,1747964.jpg,heart
520,1749153.jpg,heart
521,1749163.jpg,heart
522,1750281.jpg,heart
523,1750283.jpg,heart
524,1750303.jpg,heart
525,1750304.jpg,heart
526,1750305.jpg,heart
527,1751882.jpg,heart
528,1752963.jpg,heart
529,1756482.jpg,heart
530,1756504.jpg,heart
531,1756509.jpg,heart
532,1757241.jpg,heart
533,1758234.jpg,heart
534,1759334.jpg,heart
535,1759339.jpg,heart
536,1759341.jpg,heart
537,1761674.jpg,heart
538,1761706.jpg,heart
539,1762901.jpg,heart
540,1762933.jpg,heart
541,1762935.jpg,heart
542,1763973.jpg,heart
543,1763974.jpg,heart
544,1765068.jpg,heart
545,1766950.jpg,heart
546,1766952.jpg,heart
547,1766954.jpg,heart
548,1767944.jpg,heart
549,1767945.jpg,heart
550,1767969.jpg,heart
551,1767971.jpg,heart
552,1767973.jpg,heart
553,1767974.jpg,heart
554,1767978.jpg,heart
555,1767980.jpg,heart
556,1767982.jpg,heart
557,1767983.jpg,heart
558,1769668.jpg,heart
559,1769672.jpg,heart
560,1769675.jpg,heart
561,1769676.jpg,heart
562,1769677.jpg,heart
563,1769680.jpg,heart
564,1769681.jpg,heart
565,1771313.jpg,heart
566,1771346.jpg,heart
567,1771354.jpg,heart
568,1771361.jpg,heart
569,1771362.jpg,heart
570,1771363.jpg,heart
571,1771365.jpg,heart
572,1771368.jpg,heart
573,1771369.jpg,heart
574,1771370.jpg,heart
575,1771372.jpg,heart
576,1771373.jpg,heart
577,1771375.jpg,heart
578,1771376.jpg,heart
579,1771377.jpg,heart
580,1771378.jpg,heart
581,1771380.jpg,heart
582,1771383.jpg,heart
583,1771384.jpg,heart
584,1771385.jpg,heart
585,1771387.jpg,heart
586,1771389.jpg,heart
587,1771391.jpg,heart
588,1771393.jpg,heart
589,1772586.jpg,heart
590,1772592.jpg,heart
591,1772593.jpg,heart
592,1772595.jpg,heart
593,1773524.jpg,heart
594,1775287.jpg,heart
595,1775296.jpg,heart
596,1775298.jpg,heart
597,1775309.jpg,heart
598,1775310.jpg,heart
599,1775311.jpg,heart
600,1775313.jpg,heart
601,1775314.jpg,heart
602,1775316.jpg,heart
603,1775319.jpg,heart
604,1775320.jpg,heart
605,1777480.jpg,heart
606,1778562.jpg,heart
607,1778563.jpg,heart
608,1778568.jpg,heart
609,1778569.jpg,heart
610,1778570.jpg,heart
611,1778572.jpg,heart
612,1778574.jpg,heart
613,1778575.jpg,heart
614,1779842.jpg,heart
615,1779843.jpg,heart
616,1779844.jpg,heart
617,1779845.jpg,heart
618,1779846.jpg,heart
619,1779847.jpg,heart
620,1779848.jpg,heart
621,1781398.jpg,heart
622,1781399.jpg,heart
623,1781400.jpg,heart
624,1781401.jpg,heart
625,1781402.jpg,heart
626,1781403.jpg,heart
627,1782792.jpg,heart
628,1782798.jpg,heart
629,1783850.jpg,heart
630,1783851.jpg,heart
631,1783855.jpg,heart
632,1783857.jpg,heart
633,1783862.jpg,heart
634,1783864.jpg,heart
635,1783865.jpg,heart
636,1783866.jpg,heart
637,1783867.jpg,heart
638,1783870.jpg,heart
639,1783872.jpg,heart
640,1783873.jpg,heart
641,1783874.jpg,heart
642,1783875.jpg,heart
643,1783876.jpg,heart
644,1783877.jpg,heart
645,1783878.jpg,heart
646,1783879.jpg,heart
647,1783883.jpg,heart
648,1785242.jpg,heart
649,1785257.jpg,heart
650,1785260.jpg,heart
651,1785261.jpg,heart
652,1785263.jpg,heart
653,1785281.jpg,heart
654,1785282.jpg,heart
655,1785283.jpg,heart
656,1785284.jpg,heart
657,1785285.jpg,heart
658,1785286.jpg,heart
659,1785287.jpg,heart
660,1785288.jpg,heart
661,1785289.jpg,heart
662,1785290.jpg,heart
663,1785291.jpg,heart
664,1785292.jpg,heart
665,1785293.jpg,heart
666,1785295.jpg,heart
667,1785296.jpg,heart
668,1785297.jpg,heart
669,1785298.jpg,heart
670,1785299.jpg,heart
671,1785300.jpg,heart
672,1785301.jpg,heart
673,1785304.jpg,heart
674,1786572.jpg,heart
675,1786578.jpg,heart
676,1786579.jpg,heart
677,1786580.jpg,heart
678,1787896.jpg,heart
679,1787922.jpg,heart
680,1787926.jpg,heart
681,1787933.jpg,heart
682,1787955.jpg,heart
683,1787957.jpg,heart
684,1787960.jpg,heart
685,1787961.jpg,heart
686,1787963.jpg,heart
687,1787964.jpg,heart
688,1787966.jpg,heart
689,1787967.jpg,heart
690,1787968.jpg,heart
691,1787969.jpg,heart
692,1787973.jpg,heart
693,1787974.jpg,heart
694,1787975.jpg,heart
695,1787976.jpg,heart
696,1787977.jpg,heart
697,1787984.jpg,heart
698,1789097.jpg,heart
699,1789118.jpg,heart
700,1789121.jpg,heart
701,1789123.jpg,heart
702,1789920.jpg,heart
703,1789921.jpg,heart
704,1789926.jpg,heart
705,1789931.jpg,heart
706,1789932.jpg,heart
707,1789933.jpg,heart
708,1789934.jpg,heart
709,1789936.jpg,heart
710,1789937.jpg,heart
711,1789938.jpg,heart
712,1789939.jpg,heart
713,1789940.jpg,heart
714,1789942.jpg,heart
715,1789944.jpg,heart
716,1789945.jpg,heart
717,1791131.jpg,heart
718,1791132.jpg,heart
719,1791133.jpg,heart
720,1791134.jpg,heart
721,1791135.jpg,heart
722,1791136.jpg,heart
723,1791138.jpg,heart
724,1791777.jpg,heart
725,1791800.jpg,heart
726,1791801.jpg,heart
727,1791803.jpg,heart
728,1791804.jpg,heart
729,1791805.jpg,heart
730,1791806.jpg,heart
731,1791807.jpg,heart
732,1793187.jpg,heart
733,1793188.jpg,heart
734,1793189.jpg,heart
735,1793190.jpg,heart
736,1793192.jpg,heart
737,1793196.jpg,heart
738,1793197.jpg,heart
739,1793203.jpg,heart
740,1793204.jpg,heart
741,1793205.jpg,heart
742,1793206.jpg,heart
743,1793207.jpg,heart
744,1793208.jpg,heart
745,1793209.jpg,heart
746,1793210.jpg,heart
747,1793212.jpg,heart
748,1793213.jpg,heart
749,1793214.jpg,heart
750,1793215.jpg,heart
751,1794487.jpg,heart
752,1794501.jpg,heart
753,1794508.jpg,heart
754,1795846.jpg,heart
755,1795875.jpg,heart
756,1795876.jpg,heart
757,1795877.jpg,heart
758,1795893.jpg,heart
759,1795894.jpg,heart
760,1795896.jpg,heart
761,1795897.jpg,heart
762,1795902.jpg,heart
763,1795903.jpg,heart
764,1795904.jpg,heart
765,1795905.jpg,heart
766,1795906.jpg,heart
767,1795908.jpg,heart
768,1795909.jpg,heart
769,1795910.jpg,heart
770,1795911.jpg,heart
771,1795912.jpg,heart
772,1795913.jpg,heart
773,1795914.jpg,heart
774,1795915.jpg,heart
775,1797320.jpg,heart
776,1797324.jpg,heart
777,1798685.jpg,heart
778,1799975.jpg,heart
779,1800001.jpg,heart
780,1800017.jpg,heart
781,1800022.jpg,heart
782,1800032.jpg,heart
783,1800033.jpg,heart
784,1800034.jpg,heart
785,1800035.jpg,heart
786,1800036.jpg,heart
787,1800038.jpg,heart
788,1800039.jpg,heart
789,1800042.jpg,heart
790,1800043.jpg,heart
791,1800044.jpg,heart
792,1800045.jpg,heart
793,1800046.jpg,heart
794,1800047.jpg,heart
795,1800048.jpg,heart
796,1800049.jpg,heart
797,1800050.jpg,heart
798,1800051.jpg,heart
799,1800052.jpg,heart
800,1800053.jpg,heart
801,1800054.jpg,heart
802,1800726.jpg,heart
803,1800731.jpg,heart
804,1800749.jpg,heart
805,1800750.jpg,heart
806,1800751.jpg,heart
807,1800752.jpg,heart
808,1800753.jpg,heart
809,1800754.jpg,heart
810,1800755.jpg,heart
811,1800774.jpg,heart
812,1800775.jpg,heart
813,1800776.jpg,heart
814,1800777.jpg,heart
815,1800778.jpg,heart
816,1800780.jpg,heart
817,1800782.jpg,heart
818,1800783.jpg,heart
819,1800785.jpg,heart
820,1800786.jpg,heart
821,1800787.jpg,heart
822,1800788.jpg,heart
823,1800790.jpg,heart
824,1800791.jpg,heart
825,1800792.jpg,heart
826,1800793.jpg,heart
827,1800794.jpg,heart
828,1800796.jpg,heart
829,1800797.jpg,heart
830,1547208.jpg,oval
831,1555454.jpg,oval
832,1557650.jpg,oval
833,1574449.jpg,oval
834,1583106.jpg,oval
835,1585760.jpg,oval
836,1589667.jpg,oval
837,1591422.jpg,oval
838,1610081.jpg,oval
839,1610082.jpg,oval
840,1618154.jpg,oval
841,1621268.jpg,oval
842,1625323.jpg,oval
843,1626474.jpg,oval
844,1628526.jpg,oval
845,1639839.jpg,oval
846,1642507.jpg,oval
847,1643654.jpg,oval
848,1643687.jpg,oval
849,1651521.jpg,oval
850,1652908.jpg,oval
851,1652951.jpg,oval
852,1652979.jpg,oval
853,1656645.jpg,oval
854,1657907.jpg,oval
855,1660414.jpg,oval
856,1660477.jpg,oval
857,1663401.jpg,oval
858,1663402.jpg,oval
859,1664660.jpg,oval
860,1666044.jpg,oval
861,1666088.jpg,oval
862,1667387.jpg,oval
863,1669706.jpg,oval
864,1672943.jpg,oval
865,1703960.jpg,oval
866,1721286.jpg,oval
867,1730792.jpg,oval
868,1733139.jpg,oval
869,1733889.jpg,oval
870,1738269.jpg,oval
871,1740339.jpg,oval
872,1742036.jpg,oval
873,1743156.jpg,oval
874,1744154.jpg,oval
875,1744163.jpg,oval
876,1748052.jpg,oval
877,1748058.jpg,oval
878,1750432.jpg,oval
879,1755008.jpg,oval
880,1755748.jpg,oval
881,1755751.jpg,oval
882,1755761.jpg,oval
883,1755765.jpg,oval
884,1756607.jpg,oval
885,1757279.jpg,oval
886,1758297.jpg,oval
887,1759395.jpg,oval
888,1761841.jpg,oval
889,1763031.jpg,oval
890,1764021.jpg,oval
891,1765122.jpg,oval
892,1767050.jpg,oval
893,1768049.jpg,oval
894,1768050.jpg,oval
895,1768056.jpg,oval
896,1769792.jpg,oval
897,1771557.jpg,oval
898,1771559.jpg,oval
899,1771560.jpg,oval
900,1772657.jpg,oval
901,1773569.jpg,oval
902,1773570.jpg,oval
903,1775463.jpg,oval
904,1775464.jpg,oval
905,1775486.jpg,oval
906,1775500.jpg,oval
907,1776513.jpg,oval
908,1778709.jpg,oval
909,1778718.jpg,oval
910,1778720.jpg,oval
911,1778721.jpg,oval
912,1779956.jpg,oval
913,1779957.jpg,oval
914,1781609.jpg,oval
915,1783012.jpg,oval
916,1783952.jpg,oval
917,1783962.jpg,oval
918,1783963.jpg,oval
919,1783967.jpg,oval
920,1783969.jpg,oval
921,1785453.jpg,oval
922,1785461.jpg,oval
923,1785463.jpg,oval
924,1785467.jpg,oval
925,1785468.jpg,oval
926,1785469.jpg,oval
927,1785470.jpg,oval
928,1785472.jpg,oval
929,1785473.jpg,oval
930,1786652.jpg,oval
931,1786656.jpg,oval
932,1786657.jpg,oval
933,1788094.jpg,oval
934,1788102.jpg,oval
935,1788103.jpg,oval
936,1788109.jpg,oval
937,1788111.jpg,oval
938,1788112.jpg,oval
939,1788113.jpg,oval
940,1789185.jpg,oval
941,1789186.jpg,oval
942,1789198.jpg,oval
943,1789984.jpg,oval
944,1789987.jpg,oval
945,1789990.jpg,oval
946,1789993.jpg,oval
947,1790102.jpg,oval
948,1790103.jpg,oval
949,1790106.jpg,oval
950,1790108.jpg,oval
951,1791207.jpg,oval
952,1791219.jpg,oval
953,1791220.jpg,oval
954,1791221.jpg,oval
955,1791222.jpg,oval
956,1791841.jpg,oval
957,1791846.jpg,oval
958,1791853.jpg,oval
959,1791854.jpg,oval
960,1793297.jpg,oval
961,1793298.jpg,oval
962,1793299.jpg,oval
963,1793300.jpg,oval
964,1793301.jpg,oval
965,1796028.jpg,oval
966,1796043.jpg,oval
967,1796046.jpg,oval
968,1796059.jpg,oval
969,1796060.jpg,oval
970,1796062.jpg,oval
971,1797428.jpg,oval
972,1798768.jpg,oval
973,1798769.jpg,oval
974,1800181.jpg,oval
975,1800187.jpg,oval
976,1800874.jpg,oval
977,1800875.jpg,oval
978,1800876.jpg,oval
979,1800877.jpg,oval
980,1800878.jpg,oval
981,200655-21.jpg,radiant
982,200684-437.jpg,radiant
983,200772-239.jpg,radiant
984,201235-123.jpg,radiant
985,210028-384.jpg,radiant
986,210041-460.jpg,radiant
987,1340015.jpg,round
988,1351398.jpg,round
989,1351455.jpg,round
990,1351511.jpg,round
991,1513169.jpg,round
992,1522552.jpg,round
993,1565775.jpg,round
994,1574782.jpg,round
995,1590179.jpg,round
996,1592733.jpg,round
997,1593488.jpg,round
998,1607352.jpg,round
999,1631009.jpg,round
1000,1647118.jpg,round
1001,1652443.jpg,round
1002,1665512.jpg,round
1003,1665768.jpg,round
1004,1666891.jpg,round
1005,1668175.jpg,round
1006,1669443.jpg,round
1007,1680344.jpg,round
1008,1702833.jpg,round
1009,1703403.jpg,round
1010,1703488.jpg,round
1011,1703524.jpg,round
1012,1711016.jpg,round
1013,1711926.jpg,round
1014,1722004.jpg,round
1015,1722523.jpg,round
1016,1722538.jpg,round
1017,1728394.jpg,round
1018,1729275.jpg,round
1019,1729355.jpg,round
1020,1739023.jpg,round
1021,1740189.jpg,round
1022,1741633.jpg,round
1023,1741856.jpg,round
1024,1741863.jpg,round
1025,1742966.jpg,round
1026,1744923.jpg,round
1027,1745841.jpg,round
1028,1745974.jpg,round
1029,1746015.jpg,round
1030,1747773.jpg,round
1031,1750115.jpg,round
1032,1750121.jpg,round
1033,1751616.jpg,round
1034,1751723.jpg,round
1035,1754784.jpg,round
1036,1755492.jpg,round
1037,1756233.jpg,round
1038,1756275.jpg,round
1039,1756315.jpg,round
1040,1757114.jpg,round
1041,1757115.jpg,round
1042,1757191.jpg,round
1043,1758148.jpg,round
1044,1758158.jpg,round
1045,1758168.jpg,round
1046,1759194.jpg,round
1047,1759221.jpg,round
1048,1761451.jpg,round
1049,1762677.jpg,round
1050,1762698.jpg,round
1051,1762699.jpg,round
1052,1763596.jpg,round
1053,1763599.jpg,round
1054,1763654.jpg,round
1055,1763662.jpg,round
1056,1764761.jpg,round
1057,1764856.jpg,round
1058,1766187.jpg,round
1059,1766601.jpg,round
1060,1766655.jpg,round
1061,1766656.jpg,round
1062,1766722.jpg,round
1063,1766723.jpg,round
1064,1766724.jpg,round
1065,1766778.jpg,round
1066,1766787.jpg,round
1067,1767693.jpg,round
1068,1767781.jpg,round
1069,1767788.jpg,round
1070,1767801.jpg,round
1071,1767804.jpg,round
1072,1767807.jpg,round
1073,1769323.jpg,round
1074,1769356.jpg,round
1075,1769357.jpg,round
1076,1769439.jpg,round
1077,1769442.jpg,round
1078,1769450.jpg,round
1079,1770849.jpg,round
1080,1770913.jpg,round
1081,1770997.jpg,round
1082,1771000.jpg,round
1083,1771038.jpg,round
1084,1771039.jpg,round
1085,1771043.jpg,round
1086,1771048.jpg,round
1087,1772120.jpg,round
1088,1772184.jpg,round
1089,1772232.jpg,round
1090,1772357.jpg,round
1091,1772432.jpg,round
1092,1772435.jpg,round
1093,1772456.jpg,round
1094,1772459.jpg,round
1095,1772468.jpg,round
1096,1772470.jpg,round
1097,1772479.jpg,round
1098,1772482.jpg,round
1099,1772483.jpg,round
1100,1773309.jpg,round
1101,1773312.jpg,round
1102,1773314.jpg,round
1103,1773374.jpg,round
1104,1773417.jpg,round
1105,1773431.jpg,round
1106,1773435.jpg,round
1107,1773437.jpg,round
1108,1774054.jpg,round
1109,1774058.jpg,round
1110,1775044.jpg,round
1111,1775075.jpg,round
1112,1775112.jpg,round
1113,1775118.jpg,round
1114,1775122.jpg,round
1115,1775145.jpg,round
1116,1775152.jpg,round
1117,1775156.jpg,round
1118,1777197.jpg,round
1119,1777199.jpg,round
1120,1777200.jpg,round
1121,1777201.jpg,round
1122,1777246.jpg,round
1123,1777250.jpg,round
1124,1777251.jpg,round
1125,1777253.jpg,round
1126,1777254.jpg,round
1127,1777283.jpg,round
1128,1777305.jpg,round
1129,1777315.jpg,round
1130,1778230.jpg,round
1131,1778261.jpg,round
1132,1778307.jpg,round
1133,1778316.jpg,round
1134,1778318.jpg,round
1135,1778319.jpg,round
1136,1778355.jpg,round
1137,1778370.jpg,round
1138,1778393.jpg,round
1139,1778394.jpg,round
1140,1778395.jpg,round
1141,1778414.jpg,round
1142,1778426.jpg,round
1143,1778432.jpg,round
1144,1778439.jpg,round
1145,1778440.jpg,round
1146,1779574.jpg,round
1147,1779575.jpg,round
1148,1779654.jpg,round
1149,1779659.jpg,round
1150,1779663.jpg,round
1151,1779665.jpg,round
1152,1779668.jpg,round
1153,1779676.jpg,round
1154,1779722.jpg,round
1155,1779725.jpg,round
1156,1779733.jpg,round
1157,1779746.jpg,round
1158,1779747.jpg,round
1159,1781010.jpg,round
1160,1781052.jpg,round
1161,1781156.jpg,round
1162,1782477.jpg,round
1163,1782527.jpg,round
1164,1783496.jpg,round
1165,1783497.jpg,round
1166,1783498.jpg,round
1167,1783514.jpg,round
1168,1783563.jpg,round
1169,1783565.jpg,round
1170,1783619.jpg,round
1171,1783624.jpg,round
1172,1783625.jpg,round
1173,1783674.jpg,round
1174,1783677.jpg,round
1175,1783684.jpg,round
1176,1783689.jpg,round
1177,1783692.jpg,round
1178,1783694.jpg,round
1179,1783696.jpg,round
1180,1783699.jpg,round
1181,1783701.jpg,round
1182,1784603.jpg,round
1183,1784790.jpg,round
1184,1784792.jpg,round
1185,1784794.jpg,round
1186,1784795.jpg,round
1187,1784796.jpg,round
1188,1784797.jpg,round
1189,1784855.jpg,round
1190,1784860.jpg,round
1191,1784863.jpg,round
1192,1784864.jpg,round
1193,1784865.jpg,round
1194,1784892.jpg,round
1195,1784903.jpg,round
1196,1784911.jpg,round
1197,1784914.jpg,round
1198,1784915.jpg,round
1199,1784916.jpg,round
1200,1784917.jpg,round
1201,1784927.jpg,round
1202,1784928.jpg,round
1203,1784931.jpg,round
1204,1784932.jpg,round
1205,1786296.jpg,round
1206,1786310.jpg,round
1207,1786337.jpg,round
1208,1786350.jpg,round
1209,1786351.jpg,round
1210,1786376.jpg,round
1211,1786388.jpg,round
1212,1786406.jpg,round
1213,1786407.jpg,round
1214,1787487.jpg,round
1215,1787563.jpg,round
1216,1787565.jpg,round
1217,1787567.jpg,round
1218,1787568.jpg,round
1219,1787569.jpg,round
1220,1787655.jpg,round
1221,1787661.jpg,round
1222,1787662.jpg,round
1223,1787663.jpg,round
1224,1787701.jpg,round
1225,1787727.jpg,round
1226,1787728.jpg,round
1227,1787729.jpg,round
1228,1787730.jpg,round
1229,1787735.jpg,round
1230,1787737.jpg,round
1231,1787750.jpg,round
1232,1787751.jpg,round
1233,1787752.jpg,round
1234,1788798.jpg,round
1235,1788846.jpg,round
1236,1788864.jpg,round
1237,1788865.jpg,round
1238,1788893.jpg,round
1239,1788923.jpg,round
1240,1788924.jpg,round
1241,1788925.jpg,round
1242,1788926.jpg,round
1243,1788931.jpg,round
1244,1789620.jpg,round
1245,1789624.jpg,round
1246,1789625.jpg,round
1247,1789626.jpg,round
1248,1789673.jpg,round
1249,1789674.jpg,round
1250,1789675.jpg,round
1251,1789676.jpg,round
1252,1789677.jpg,round
1253,1789678.jpg,round
1254,1789729.jpg,round
1255,1789732.jpg,round
1256,1789733.jpg,round
1257,1789735.jpg,round
1258,1789736.jpg,round
1259,1789739.jpg,round
1260,1789740.jpg,round
1261,1789741.jpg,round
1262,1789744.jpg,round
1263,1789790.jpg,round
1264,1789797.jpg,round
1265,1789798.jpg,round
1266,1789799.jpg,round
1267,1789802.jpg,round
1268,1789803.jpg,round
1269,1789813.jpg,round
1270,1789819.jpg,round
1271,1789821.jpg,round
1272,1789822.jpg,round
1273,1789823.jpg,round
1274,1790611.jpg,round
1275,1790639.jpg,round
1276,1790686.jpg,round
1277,1790723.jpg,round
1278,1790724.jpg,round
1279,1790774.jpg,round
1280,1790781.jpg,round
1281,1790782.jpg,round
1282,1790783.jpg,round
1283,1790784.jpg,round
1284,1790785.jpg,round
1285,1790786.jpg,round
1286,1790788.jpg,round
1287,1790854.jpg,round
1288,1790856.jpg,round
1289,1790860.jpg,round
1290,1790861.jpg,round
1291,1790896.jpg,round
1292,1790921.jpg,round
1293,1790923.jpg,round
1294,1790925.jpg,round
1295,1790926.jpg,round
1296,1790927.jpg,round
1297,1790930.jpg,round
1298,1790932.jpg,round
1299,1790933.jpg,round
1300,1790934.jpg,round
1301,1790935.jpg,round
1302,1790936.jpg,round
1303,1790943.jpg,round
1304,1790955.jpg,round
1305,1790959.jpg,round
1306,1790960.jpg,round
1307,1790963.jpg,round
1308,1790964.jpg,round
1309,1790965.jpg,round
1310,1790966.jpg,round
1311,1791573.jpg,round
1312,1791574.jpg,round
1313,1791575.jpg,round
1314,1791607.jpg,round
1315,1791608.jpg,round
1316,1791609.jpg,round
1317,1791644.jpg,round
1318,1791646.jpg,round
1319,1791648.jpg,round
1320,1791649.jpg,round
1321,1791650.jpg,round
1322,1791651.jpg,round
1323,1791698.jpg,round
1324,1791699.jpg,round
1325,1791701.jpg,round
1326,1791709.jpg,round
1327,1792911.jpg,round
1328,1792912.jpg,round
1329,1792982.jpg,round
1330,1792983.jpg,round
1331,1792986.jpg,round
1332,1793002.jpg,round
1333,1793014.jpg,round
1334,1793015.jpg,round
1335,1793016.jpg,round
1336,1793018.jpg,round
1337,1793022.jpg,round
1338,1793023.jpg,round
1339,1793025.jpg,round
1340,1793026.jpg,round
1341,1793027.jpg,round
1342,1793029.jpg,round
1343,1793030.jpg,round
1344,1793990.jpg,round
1345,1794012.jpg,round
1346,1795447.jpg,round
1347,1795449.jpg,round
1348,1795450.jpg,round
1349,1795467.jpg,round
1350,1795470.jpg,round
1351,1795493.jpg,round
1352,1795522.jpg,round
1353,1795523.jpg,round
1354,1795524.jpg,round
1355,1795526.jpg,round
1356,1795527.jpg,round
1357,1795528.jpg,round
1358,1795531.jpg,round
1359,1795546.jpg,round
1360,1795547.jpg,round
1361,1795548.jpg,round
1362,1795551.jpg,round
1363,1795559.jpg,round
1364,1795560.jpg,round
1365,1795561.jpg,round
1366,1798147.jpg,round
1367,1798150.jpg,round
1368,1798171.jpg,round
1369,1798172.jpg,round
1370,1798186.jpg,round
1371,1799388.jpg,round
1372,1799389.jpg,round
1373,1799410.jpg,round
1374,1799459.jpg,round
1375,1799463.jpg,round
1376,1799464.jpg,round
1377,1799466.jpg,round
1378,1799467.jpg,round
1379,1799469.jpg,round
1380,1799494.jpg,round
1381,1799511.jpg,round
1382,1799512.jpg,round
1383,1799517.jpg,round
1384,1799518.jpg,round
1385,1799519.jpg,round
1386,1799520.jpg,round
1387,1799521.jpg,round
1388,1799565.jpg,round
1389,1799566.jpg,round
1390,1799567.jpg,round
1391,1799568.jpg,round
1392,1799569.jpg,round
1393,1799570.jpg,round
1394,1799581.jpg,round
1395,1799584.jpg,round
1396,1799585.jpg,round
1397,1799586.jpg,round
1398,1800555.jpg,round
1399,1800567.jpg,round
1400,1800574.jpg,round
1401,1800575.jpg,round
1402,1800579.jpg,round
